{
  "angry": 0.0,
  "disgust": 0.8975979010256552,
  "fear": 1.7951958020513104,
  "happy": 2.6927937030769655,
  "neutral": 3.5903916041026207,
  "sad": 4.487989505128276,
  "surprise": 5.385587406153931
}
